,Tijd,positie,versnelling_sensor,versnelling_stim
0,"[0.00000000e+00 5.00208420e-03 1.00041684e-02 ... 1.19899958e+01
 1.19949979e+01 1.20000000e+01]","[0.00000000e+00 0.00000000e+00 8.60472859e-08 ... 2.03647655e-10
 1.99613501e-10 1.95659261e-10]","[0.00000000e+00 0.00000000e+00 1.43412143e-04 ... 3.39412758e-07
 3.32689168e-07 3.26098769e-07]","[8.60472859e-04 8.77819016e-04 8.95513950e-04 ... 3.07273173e-07
 3.01186251e-07 2.95219907e-07]"
