,Tijd,positie,versnelling_sensor,versnelling_stim
0,"[0.00000000e+00 5.00208420e-03 1.00041684e-02 ... 1.19899958e+01
 1.19949979e+01 1.20000000e+01]","[0.00000000e+00 0.00000000e+00 8.60472859e-08 ... 4.77835597e-09
 4.68369928e-09 4.59091768e-09]","[0.00000000e+00 0.00000000e+00 8.60472859e-06 ... 4.77835597e-07
 4.68369928e-07 4.59091768e-07]","[8.60472859e-04 8.77819016e-04 8.95513950e-04 ... 3.07273173e-07
 3.01186251e-07 2.95219907e-07]"
