,Tijd,positie,versnelling_sensor,versnelling_stim
0,"[0.00000000e+00 5.00208420e-03 1.00041684e-02 ... 1.19899958e+01
 1.19949979e+01 1.20000000e+01]","[0.00000000e+00 0.00000000e+00 2.58141858e-06 ... 6.10942965e-09
 5.98840503e-09 5.86977784e-09]","[0.00000000e+00 0.00000000e+00 4.30236429e-03 ... 1.01823827e-05
 9.98067504e-06 9.78296306e-06]","[2.58141858e-02 2.63345705e-02 2.68654185e-02 ... 9.21819518e-06
 9.03558752e-06 8.85659721e-06]"
